# Domain X_MIN, Y_MIN, X_MAX, Y_MAX
-54900, 673000, -51000, 673500
#OBJECTID,START_X,START_Y,END_X,END_Y
-5.361122869999999966e+04,6.732113743700000457e+06,-5.466355320000000211e+04,6.730962761900000274e+06
-5.473592710000000079e+04,6.731858857099999674e+06,-5.408968099999999686e+04,6.732419377999999560e+06
-5.478521119999999792e+04,6.731465500500000082e+06,-5.393387290000000212e+04,6.732171312800000422e+06
-5.349860070000000269e+04,6.731520851200000383e+06,-5.313435790000000270e+04,6.731474627299999818e+06
-5.359136559999999736e+04,6.731426814699999988e+06,-5.220678070000000298e+04,6.732665115299999714e+06
-5.347029389999999694e+04,6.731966199799999595e+06,-5.291451929999999993e+04,6.732081028099999763e+06
-5.345177300000000105e+04,6.732106429200000130e+06,-5.256277120000000286e+04,6.732341908900000155e+06
-5.344224799999999959e+04,6.732246923299999908e+06,-5.313427229999999690e+04,6.732310423399999738e+06
-5.382284599999999773e+04,6.731595929600000381e+06,-5.411086280000000261e+04,6.731339023900000378e+06
-5.446843069999999716e+04,6.732383066499999724e+06,-5.456603549999999814e+04,6.732006212399999611e+06
-5.455177459999999701e+04,6.732236222500000149e+06,-5.458567229999999836e+04,6.731989180499999784e+06
-5.419272430000000168e+04,6.731956708899999969e+06,-5.406304989999999816e+04,6.731619563500000164e+06
-5.450577019999999902e+04,6.732238897900000215e+06,-5.434073240000000078e+04,6.732201628800000064e+06
-5.444011809999999969e+04,6.732115426699999720e+06,-5.408737000000000262e+04,6.732044054200000130e+06
-5.470635880000000179e+04,6.731884503100000322e+06,-5.410173150000000169e+04,6.732046959999999963e+06
-5.406361740000000282e+04,6.731966347000000067e+06,-5.404436099999999715e+04,6.731628290699999779e+06
-5.342056210000000283e+04,6.732251394600000232e+06,-5.343683140000000276e+04,6.731581326700000092e+06
-5.317161770000000251e+04,6.731840516099999659e+06,-5.360641640000000189e+04,6.731307202399999835e+06
-5.286028990000000340e+04,6.732337756599999964e+06,-5.272207069999999658e+04,6.731800200199999847e+06
-5.296689989999999671e+04,6.732033355200000107e+06,-5.286918490000000020e+04,6.731683774000000209e+06
-5.300133449999999721e+04,6.732001586299999617e+06,-5.290023249999999825e+04,6.731659128100000322e+06
-5.336575710000000254e+04,6.732262694600000046e+06,-5.337845999999999913e+04,6.732125848399999551e+06
-5.333623060000000260e+04,6.732268782599999569e+06,-5.335638470000000234e+04,6.732055974700000137e+06
-5.304920279999999912e+04,6.731620866600000300e+06,-5.333328710000000137e+04,6.731630885499999858e+06
-5.290732710000000225e+04,6.732250642599999905e+06,-5.277153910000000178e+04,6.731761129499999806e+06
-5.464518619999999646e+04,6.731937561099999584e+06,-5.467837799999999697e+04,6.731754216900000349e+06
-5.459696220000000176e+04,6.731913896800000221e+06,-5.467308630000000267e+04,6.731516091400000267e+06
-5.465324250000000029e+04,6.731512122600000352e+06,-5.471427900000000227e+04,6.731218254700000398e+06
-5.483977410000000236e+04,6.731222403300000355e+06,-5.451962759999999980e+04,6.731211819899999537e+06
-5.394464540000000125e+04,6.731485140300000086e+06,-5.375271600000000035e+04,6.731233803000000305e+06
-5.390461989999999787e+04,6.731521547699999996e+06,-5.369300600000000122e+04,6.731304595499999821e+06
-5.396037989999999991e+04,6.731470828200000338e+06,-5.376734309999999823e+04,6.731216461199999787e+06
-5.396748840000000200e+04,6.731464362200000323e+06,-5.379141530000000057e+04,6.731188141099999659e+06
-5.448992300000000250e+04,6.732300084400000051e+06,-5.426571620000000257e+04,6.732266694000000134e+06
-5.426898819999999978e+04,6.731893481399999931e+06,-5.408207360000000335e+04,6.731598756299999543e+06
-5.430680900000000111e+04,6.731862125599999912e+06,-5.410488730000000214e+04,6.731573803700000048e+06
-5.324190929999999935e+04,6.732288230200000107e+06,-5.327843819999999687e+04,6.732152342299999669e+06
-5.397657250000000204e+04,6.731456099299999885e+06,-5.381437249999999767e+04,6.731158084599999711e+06
-5.457532379999999830e+04,6.731919710799999535e+06,-5.445287230000000272e+04,6.731741030100000091e+06
-5.454543269999999757e+04,6.731927742200000212e+06,-5.442157160000000295e+04,6.731766980299999937e+06
-5.440246269999999640e+04,6.731782822800000198e+06,-5.450486290000000008e+04,6.731938642900000326e+06
-5.436653489999999874e+04,6.731812609199999832e+06,-5.446816040000000066e+04,6.731948504499999806e+06
-5.433980430000000342e+04,6.731834770499999635e+06,-5.443724949999999808e+04,6.731956809899999760e+06
-5.417771869999999763e+04,6.731969149500000291e+06,-5.405935459999999875e+04,6.731891510999999940e+06
-5.423602679999999964e+04,6.731959600100000389e+06,-5.420956839999999647e+04,6.731907344800000079e+06
-5.424594870000000083e+04,6.731964230299999937e+06,-5.407140370000000257e+04,6.731610426500000060e+06
-5.433981199999999808e+04,6.731982990299999714e+06,-5.427552090000000317e+04,6.731888065399999730e+06
-5.464084010000000126e+04,6.732124303500000387e+06,-5.465406930000000284e+04,6.732050219999999739e+06
-5.462033490000000165e+04,6.732128272300000302e+06,-5.460644419999999809e+04,6.732044928399999626e+06
-5.467417220000000088e+04,6.731777449000000022e+06,-5.457204830000000220e+04,6.731749917399999686e+06
-5.466898750000000291e+04,6.731806088000000454e+06,-5.455815770000000339e+04,6.731781006000000052e+06
-5.460704879999999685e+04,6.731861186900000088e+06,-5.450783699999999953e+04,6.731695460900000297e+06
-5.460056960000000254e+04,6.731895045199999586e+06,-5.448227240000000165e+04,6.731716655500000343e+06
-5.392870580000000336e+04,6.731499639000000432e+06,-5.381599990000000253e+04,6.731400005199999548e+06
-5.388214590000000317e+04,6.731434401100000367e+06,-5.371253689999999915e+04,6.731282126699999906e+06
-5.378557280000000173e+04,6.731307400899999775e+06,-5.372591659999999683e+04,6.731265523299999535e+06
-5.458532059999999910e+04,6.731787153300000355e+06,-5.456609619999999995e+04,6.731647160500000231e+06
-5.468118920000000071e+04,6.731238609000000171e+06,-5.448539710000000196e+04,6.731381484299999662e+06
-5.445100119999999879e+04,6.731554786799999885e+06,-5.433590720000000147e+04,6.731659297399999574e+06
-5.450208189999999740e+04,6.732061682500000112e+06,-5.444835540000000037e+04,6.731995318900000304e+06
-5.440409270000000106e+04,6.731597381900000386e+06,-5.428183950000000186e+04,6.731380261900000274e+06
-5.442909500000000116e+04,6.731574678600000218e+06,-5.430048389999999927e+04,6.731359869599999860e+06
-5.447878250000000116e+04,6.731374869699999690e+06,-5.443380320000000211e+04,6.731280281000000425e+06
-5.433621029999999882e+04,6.731320793800000101e+06,-5.434119890000000305e+04,6.731217442300000228e+06
-5.407563130000000092e+04,6.731605802500000224e+06,-5.409712030000000232e+04,6.731474088700000197e+06
-5.391296989999999641e+04,6.731288218500000425e+06,-5.388744750000000204e+04,6.731289748800000176e+06
-5.389540329999999813e+04,6.731304598199999891e+06,-5.386639680000000226e+04,6.731305770999999717e+06
-5.391363139999999839e+04,6.731295494599999860e+06,-5.387195939999999973e+04,6.731224718399999663e+06
-5.390238659999999800e+04,6.731243900700000115e+06,-5.386269900000000052e+04,6.731187676699999720e+06
-5.354066049999999814e+04,6.731385321499999613e+06,-5.346053149999999732e+04,6.731251838200000115e+06
-5.357163109999999870e+04,6.731348527900000103e+06,-5.350749510000000009e+04,6.731245223600000143e+06
-5.359399279999999999e+04,6.731321961799999699e+06,-5.354056809999999678e+04,6.731244562199999578e+06
-5.304360199999999895e+04,6.731962150100000203e+06,-5.301206190000000061e+04,6.731847813400000334e+06
-5.303637359999999899e+04,6.731935946299999952e+06,-5.311128080000000045e+04,6.731814740399999544e+06
-5.309275989999999729e+04,6.731857073800000362e+06,-5.317544239999999991e+04,6.731739333999999799e+06
-5.297968480000000272e+04,6.731943221499999985e+06,-5.319793200000000070e+04,6.731646068199999630e+06
-5.301388919999999780e+04,6.731989907999999821e+06,-5.298428059999999823e+04,6.731904037499999627e+06
-5.340959070000000065e+04,6.731978741700000130e+06,-5.341026060000000143e+04,6.731769099700000137e+06
-5.335998960000000079e+04,6.732046912700000219e+06,-5.318026520000000164e+04,6.732026122499999590e+06
-5.334494260000000213e+04,6.731672034799999557e+06,-5.330837479999999778e+04,6.731812175499999896e+06
-5.328855200000000332e+04,6.731974152200000361e+06,-5.333816150000000198e+04,6.731782990299999714e+06
-5.343636220000000321e+04,6.731761162999999709e+06,-5.335995539999999892e+04,6.731657278199999593e+06
-5.336702440000000206e+04,6.731987536299999803e+06,-5.338644799999999668e+04,6.731855089399999939e+06
-5.332574779999999737e+04,6.731996064399999566e+06,-5.335932820000000356e+04,6.731857073800000362e+06
-5.339438549999999668e+04,6.731913297899999656e+06,-5.333033380000000034e+04,6.731813152999999933e+06
-5.324888240000000224e+04,6.731489160899999551e+06,-5.341026060000000143e+04,6.731353041600000113e+06
-5.339173969999999827e+04,6.731339812400000170e+06,-5.334067500000000291e+04,6.731388231200000271e+06
-5.310625370000000112e+04,6.731687740199999884e+06,-5.323431229999999778e+04,6.731559152400000021e+06
-5.320471639999999752e+04,6.731626351200000383e+06,-5.327082489999999962e+04,6.731565502399999648e+06
-5.311524960000000283e+04,6.731799923700000159e+06,-5.319092059999999765e+04,6.731705731900000013e+06
-5.312715189999999711e+04,6.731785108300000429e+06,-5.311096869999999763e+04,6.731743682500000112e+06
-5.438667730000000302e+04,6.731613195899999700e+06,-5.433913509999999951e+04,6.731521131699999794e+06
-5.441348109999999724e+04,6.731773687800000422e+06,-5.437175830000000133e+04,6.731714013299999759e+06
-5.437737240000000020e+04,6.731621645100000314e+06,-5.432611759999999776e+04,6.731533434799999930e+06
-5.434016700000000128e+04,6.731700995799999684e+06,-5.425968059999999969e+04,6.731627176900000311e+06
-5.425682310000000143e+04,6.731673849499999546e+06,-5.420173670000000129e+04,6.731611778099999763e+06
-5.438957680000000255e+04,6.731571601900000125e+06,-5.435996680000000197e+04,6.731561471800000407e+06
-5.435774940000000061e+04,6.731557177699999884e+06,-5.433819339999999647e+04,6.731554217400000431e+06
-5.434007759999999689e+04,6.731557460300000384e+06,-5.430413070000000153e+04,6.731553199300000444e+06
-5.432333950000000186e+04,6.731587489299999550e+06,-5.429412939999999799e+04,6.731533355499999598e+06
-5.434137359999999899e+04,6.731654333700000308e+06,-5.428873189999999886e+04,6.731567804299999960e+06
-5.429825690000000031e+04,6.731594156799999997e+06,-5.427396809999999823e+04,6.731555739299999550e+06
-5.432270449999999983e+04,6.731810057300000452e+06,-5.424967930000000342e+04,6.731707822100000456e+06
-5.425190179999999964e+04,6.731893559899999760e+06,-5.419840299999999843e+04,6.731814819799999706e+06
-5.424237679999999818e+04,6.731797674800000153e+06,-5.418284550000000309e+04,6.731720522099999711e+06
-5.424142429999999877e+04,6.731705917100000195e+06,-5.417919419999999809e+04,6.731634479399999604e+06
-5.423824930000000313e+04,6.731677342000000179e+06,-5.419475170000000071e+04,6.731626700699999928e+06
-5.432175200000000041e+04,6.731665435700000264e+06,-5.421455210000000079e+04,6.731453857599999756e+06
-5.425634689999999682e+04,6.731589553100000136e+06,-5.423348679999999877e+04,6.731534625500000082e+06
-5.423316930000000139e+04,6.731568280500000343e+06,-5.421126180000000022e+04,6.731517639200000092e+06
-5.414147510000000329e+04,6.731599236899999902e+06,-5.411064919999999984e+04,6.731567501699999906e+06
-5.415052390000000014e+04,6.731594633100000210e+06,-5.412147260000000097e+04,6.731569233000000007e+06
-5.477809040000000095e+04,6.732071127500000410e+06,-5.471967020000000048e+04,6.731928463800000027e+06
-5.477195199999999750e+04,6.732023925699999556e+06,-5.473152360000000044e+04,6.731924865500000305e+06
-5.479968039999999746e+04,6.731997255699999630e+06,-5.476835369999999966e+04,6.731972067300000228e+06
-5.479121370000000024e+04,6.732006357300000265e+06,-5.475573780000000261e+04,6.731987242700000294e+06
-5.481111039999999775e+04,6.731968892300000414e+06,-5.473956689999999799e+04,6.731922113800000399e+06
-5.481047540000000299e+04,6.731981803999999538e+06,-5.475544200000000274e+04,6.731950265599999577e+06
-5.481470880000000034e+04,6.731949630599999800e+06,-5.476644870000000083e+04,6.731921902200000361e+06
-5.475163199999999779e+04,6.732080440799999982e+06,-5.469617519999999786e+04,6.731999372299999930e+06
-5.468135850000000210e+04,6.731992387299999595e+06,-5.465765179999999964e+04,6.731939682199999690e+06
-5.460979060000000027e+04,6.731968261500000022e+06,-5.456030930000000080e+04,6.731923745000000112e+06
-5.460596459999999934e+04,6.731971579900000244e+06,-5.455401550000000134e+04,6.731925436099999584e+06
-5.462732800000000134e+04,6.731953050400000066e+06,-5.460918000000000029e+04,6.731920420500000007e+06
-5.451630670000000100e+04,6.732014250799999572e+06,-5.426539299999999639e+04,6.732226014899999835e+06
-5.445625050000000192e+04,6.732070174999999814e+06,-5.445000639999999839e+04,6.732031545699999668e+06
-5.446746889999999985e+04,6.732058956600000151e+06,-5.443688300000000163e+04,6.732036625699999742e+06
-5.448154480000000331e+04,6.732044880699999630e+06,-5.445191139999999723e+04,6.732008050699999556e+06
-5.447360719999999856e+04,6.732052818300000392e+06,-5.444640800000000309e+04,6.732012707299999893e+06
-5.436820689999999740e+04,6.732281957600000314e+06,-5.434326670000000013e+04,6.732202201100000180e+06
-5.440477079999999842e+04,6.732287402999999933e+06,-5.437524339999999938e+04,6.732209422100000083e+06
-5.447646469999999681e+04,6.732266072900000028e+06,-5.445699139999999898e+04,6.732244059500000440e+06
-5.445845590000000084e+04,6.732295398099999875e+06,-5.445169969999999739e+04,6.732240884499999695e+06
-5.448556640000000334e+04,6.732250197800000198e+06,-5.446606070000000182e+04,6.732229930599999614e+06
-5.440039209999999730e+04,6.732215101200000383e+06,-5.438184960000000137e+04,6.732180559399999678e+06
-5.441237849999999889e+04,6.732217808000000194e+06,-5.438777620000000024e+04,6.732178019299999811e+06
-5.395497000000000116e+04,6.731215092799999751e+06,-5.401476589999999851e+04,6.731352147300000302e+06
-5.400660139999999956e+04,6.731428784799999557e+06,-5.392851159999999800e+04,6.731297113800000399e+06
-5.403043179999999847e+04,6.731407108599999920e+06,-5.396925749999999971e+04,6.731286530500000343e+06
-5.405595500000000175e+04,6.731384170300000347e+06,-5.404863259999999718e+04,6.731321667200000025e+06
-5.404135659999999916e+04,6.731303807799999602e+06,-5.395933559999999852e+04,6.731187390899999999e+06
-5.381910609999999724e+04,6.731392443400000222e+06,-5.377148099999999977e+04,6.731351432900000364e+06
-5.386988339999999880e+04,6.731311240799999796e+06,-5.383795719999999710e+04,6.731309510300000198e+06
-5.398712690000000293e+04,6.731393464100000449e+06,-5.395007519999999931e+04,6.731311083899999969e+06
-5.398777840000000288e+04,6.731365985000000335e+06,-5.389385109999999986e+04,6.731176146099999547e+06
-5.398624040000000241e+04,6.731447305300000124e+06,-5.391171050000000105e+04,6.731311083899999969e+06
-5.409149210000000312e+04,6.731354950899999589e+06,-5.406186179999999877e+04,6.731223771200000308e+06
-5.409824510000000009e+04,6.731349398500000127e+06,-5.409956500000000233e+04,6.731270734799999744e+06
-5.408529020000000310e+04,6.731327493900000118e+06,-5.409030460000000312e+04,6.731230385800000280e+06
-5.407589890000000014e+04,6.731367771999999881e+06,-5.403011179999999877e+04,6.731193343999999575e+06
-5.404922480000000360e+04,6.731266155899999663e+06,-5.401770160000000033e+04,6.731270233000000007e+06
-5.388116230000000360e+04,6.731542884800000116e+06,-5.366726630000000296e+04,6.731335112599999644e+06
-5.384936770000000251e+04,6.731571805300000124e+06,-5.364746540000000095e+04,6.731358588499999605e+06
-5.382386869999999908e+04,6.731504627000000328e+06,-5.365772639999999956e+04,6.731347220099999569e+06
-5.377703730000000360e+04,6.731420489299999550e+06,-5.368357409999999800e+04,6.731316458200000226e+06
-5.352462430000000313e+04,6.732032471800000407e+06,-5.362701830000000336e+04,6.731665758500000462e+06
-5.441213610000000335e+04,6.731963557599999942e+06,-5.431669539999999688e+04,6.731853929200000130e+06
-5.438443519999999990e+04,6.731971000500000082e+06,-5.430034750000000349e+04,6.731867482599999756e+06
-5.436359599999999773e+04,6.731976599799999967e+06,-5.428814080000000104e+04,6.731877602699999698e+06
-5.424470580000000336e+04,6.731913612999999896e+06,-5.414897609999999986e+04,6.731736667000000365e+06
-5.466123490000000311e+04,6.731848911500000395e+06,-5.458310680000000139e+04,6.731821193599999882e+06
-5.465600729999999749e+04,6.731877787800000049e+06,-5.456002029999999650e+04,6.731833897699999623e+06
-5.471736839999999938e+04,6.732095442699999548e+06,-5.465656440000000293e+04,6.731927692300000228e+06
-5.468561830000000191e+04,6.732109994800000452e+06,-5.460666730000000098e+04,6.731970970399999991e+06
-5.466312870000000112e+04,6.732116609400000423e+06,-5.460712189999999828e+04,6.731970576200000010e+06
-5.460756609999999637e+04,6.732153651200000197e+06,-5.457407850000000326e+04,6.732073674599999562e+06
-5.456272129999999743e+04,6.732156444699999876e+06,-5.445069009999999980e+04,6.732106257199999876e+06
-5.454514540000000125e+04,6.732024331399999559e+06,-5.425256739999999991e+04,6.732006432000000030e+06
-5.458110770000000048e+04,6.731568920800000429e+06,-5.470017040000000270e+04,6.731459118499999866e+06
-5.470943080000000191e+04,6.731414139299999923e+06,-5.479291060000000289e+04,6.731220854100000113e+06
-5.472560650000000169e+04,6.731376686800000258e+06,-5.475970180000000255e+04,6.731206440899999812e+06
-5.479409769999999844e+04,6.731377097500000149e+06,-5.482863410000000295e+04,6.731222035000000149e+06
-5.450869069999999920e+04,6.731364486200000159e+06,-5.444616990000000078e+04,6.731264649400000460e+06
-5.452644550000000163e+04,6.731351530100000091e+06,-5.446336779999999999e+04,6.731256711900000460e+06
-5.454207710000000225e+04,6.731340123200000264e+06,-5.448056579999999667e+04,6.731244805599999614e+06
-5.456895420000000013e+04,6.731320510200000368e+06,-5.451628459999999905e+04,6.731232899299999699e+06
-5.458694219999999768e+04,6.731307383799999952e+06,-5.454274300000000221e+04,6.731231576399999671e+06
-5.438531560000000172e+04,6.731394295500000007e+06,-5.434637849999999889e+04,6.731309672299999744e+06
-5.446469079999999667e+04,6.731406201799999923e+06,-5.438334730000000127e+04,6.731269237599999644e+06
-5.445543029999999999e+04,6.731682691899999976e+06,-5.441058950000000186e+04,6.731591482499999925e+06
-5.443008430000000226e+04,6.731759922799999826e+06,-5.435078390000000218e+04,6.731645788700000383e+06
-5.451787099999999919e+04,6.731687142099999823e+06,-5.445966369999999733e+04,6.731610460500000045e+06
-5.463196070000000327e+04,6.731731003299999982e+06,-5.457793269999999757e+04,6.731612841799999587e+06
-5.464103910000000178e+04,6.731683562199999578e+06,-5.458269520000000193e+04,6.731581091699999757e+06
-5.434800929999999789e+04,6.731792494199999608e+06,-5.414857680000000255e+04,6.731526018299999647e+06
-5.428732850000000326e+04,6.731834309600000270e+06,-5.439166859999999724e+04,6.731742490199999884e+06
-5.465454000000000087e+04,6.731613009499999695e+06,-5.460730150000000140e+04,6.731519972799999639e+06
-5.436516799999999785e+04,6.731765810800000094e+06,-5.428715499999999884e+04,6.731687983599999920e+06
-5.441812400000000343e+04,6.731430014299999923e+06,-5.436589070000000356e+04,6.731288330799999647e+06
-5.421439439999999740e+04,6.731567597900000401e+06,-5.419004430000000139e+04,6.731480663099999540e+06
-5.405311119999999937e+04,6.731781904400000349e+06,-5.412262879999999859e+04,6.731774464800000191e+06
-5.420813549999999668e+04,6.731758206799999811e+06,-5.419739489999999932e+04,6.731758891999999993e+06
-5.422200119999999879e+04,6.731796992100000381e+06,-5.417040739999999641e+04,6.731716823200000450e+06
-5.419949459999999817e+04,6.731762020299999975e+06,-5.418463719999999739e+04,6.731760477500000037e+06
-5.428107409999999800e+04,6.731998772599999793e+06,-5.421446059999999852e+04,6.731880732900000177e+06
-5.424779809999999998e+04,6.731969236200000159e+06,-5.435275430000000051e+04,6.731895348500000313e+06
-5.449301340000000346e+04,6.731941826700000092e+06,-5.440853280000000086e+04,6.731812470300000161e+06
-5.421644499999999971e+04,6.731958123700000346e+06,-5.419541049999999814e+04,6.731923198599999771e+06
-5.406020629999999801e+04,6.731781145100000314e+06,-5.411166969999999856e+04,6.731820010900000110e+06
-5.415850110000000132e+04,6.731893432900000364e+06,-5.412119479999999749e+04,6.731809295300000347e+06
-5.417155440000000090e+04,6.731965106200000271e+06,-5.409376870000000054e+04,6.731777553299999796e+06
-5.413169980000000214e+04,6.731869010900000110e+06,-5.405376959999999963e+04,6.731793463000000454e+06
-5.415558789999999863e+04,6.731987497299999930e+06,-5.413466309999999794e+04,6.731940908099999651e+06
-5.457809999999999854e+04,6.731734572800000198e+06,-5.453183720000000176e+04,6.731735551500000060e+06
-5.431566389999999956e+04,6.731823847400000319e+06,-5.416341389999999956e+04,6.731657373200000264e+06
-5.407881199999999808e+04,6.731904273699999787e+06,-5.415124769999999990e+04,6.731848872399999760e+06
-5.451240460000000166e+04,6.732213282200000249e+06,-5.442119690000000264e+04,6.732131838000000454e+06
-5.449377150000000256e+04,6.732236188299999572e+06,-5.448839039999999659e+04,6.732157284799999557e+06
-5.474318469999999797e+04,6.732084259600000456e+06,-5.471656749999999738e+04,6.732061134999999776e+06
-5.478705270000000019e+04,6.732064098399999551e+06,-5.465893390000000363e+04,6.732105671900000423e+06
-5.459652060000000347e+04,6.732162417700000107e+06,-5.457256300000000192e+04,6.732084719100000337e+06
-5.420414269999999669e+04,6.732177036000000313e+06,-5.412904349999999977e+04,6.732052486100000329e+06
-5.458906659999999829e+04,6.731986236399999820e+06,-5.451403459999999905e+04,6.731936178600000218e+06
-5.455107959999999730e+04,6.732019184399999678e+06,-5.446422469999999885e+04,6.731949561999999918e+06
-5.454527629999999772e+04,6.732014532499999739e+06,-5.454307920000000013e+04,6.731955555800000206e+06
-5.458504980000000069e+04,6.731941038499999791e+06,-5.462922970000000350e+04,6.731928856300000101e+06
-5.464621919999999955e+04,6.731931855000000447e+06,-5.461880170000000362e+04,6.731908028800000437e+06
-5.470779789999999775e+04,6.732108720399999991e+06,-5.462822350000000006e+04,6.732008928600000218e+06
-5.468636660000000120e+04,6.732059507799999788e+06,-5.464584939999999915e+04,6.731936985899999738e+06
-5.467602470000000176e+04,6.732028234299999662e+06,-5.461652760000000126e+04,6.731962418200000189e+06
-5.477301780000000144e+04,6.731366612300000153e+06,-5.477098539999999775e+04,6.731220129300000146e+06
-5.478677620000000024e+04,6.731357087299999781e+06,-5.478776049999999668e+04,6.731220683799999766e+06
-5.463869810000000143e+04,6.731215756099999882e+06,-5.456558410000000003e+04,6.731515837600000203e+06
-5.396127449999999953e+04,6.731504195899999700e+06,-5.410309150000000227e+04,6.731377195700000040e+06
-5.394116619999999966e+04,6.731577221099999733e+06,-5.407028310000000056e+04,6.731437520800000057e+06
-5.383533260000000155e+04,6.731728563000000082e+06,-5.404126909999999771e+04,6.731574010800000280e+06
-5.373796579999999813e+04,6.731712688000000082e+06,-5.389036609999999928e+04,6.731582512699999847e+06
-5.457324229999999807e+04,6.731484406299999915e+06,-5.451266730000000098e+04,6.731399420699999668e+06
-5.397872460000000137e+04,6.731620949500000104e+06,-5.392634949999999662e+04,6.731582512699999847e+06
-5.395773309999999765e+04,6.731636703300000168e+06,-5.392211609999999928e+04,6.731602621100000106e+06
-5.393792540000000008e+04,6.731651568699999712e+06,-5.390941610000000219e+04,6.731608971099999733e+06
-5.392421209999999701e+04,6.731661860299999826e+06,-5.387264660000000003e+04,6.731597648099999875e+06
-5.390288010000000213e+04,6.731677869699999690e+06,-5.385170190000000002e+04,6.731615538399999961e+06
-5.387935070000000269e+04,6.731695528099999763e+06,-5.382542859999999928e+04,6.731637980100000277e+06
-5.385277139999999781e+04,6.731715475399999879e+06,-5.379941030000000319e+04,6.731660204099999741e+06
-5.379617420000000129e+04,6.731583571100000292e+06,-5.363253110000000015e+04,6.731376983699999750e+06
-5.376019079999999667e+04,6.731596271099999547e+06,-5.362182740000000194e+04,6.731389647900000215e+06
-5.369584399999999732e+04,6.731563462700000033e+06,-5.360869009999999980e+04,6.731405200899999589e+06
-5.360906049999999959e+04,6.731606854399999604e+06,-5.354366879999999946e+04,6.731474796099999920e+06
-5.359318549999999959e+04,6.731622729500000365e+06,-5.352781250000000000e+04,6.731490682300000452e+06
-5.320900970000000234e+04,6.731913771700000390e+06,-5.330815030000000115e+04,6.731708103600000031e+06
-5.344748099999999977e+04,6.731496020299999975e+06,-5.327121609999999782e+04,6.731470322900000028e+06
-5.348682710000000225e+04,6.731449276499999687e+06,-5.324816810000000260e+04,6.731425879099999554e+06
-5.352523909999999887e+04,6.731403642300000414e+06,-5.337524420000000100e+04,6.731382577200000174e+06
-5.363657719999999972e+04,6.731510545900000259e+06,-5.359571850000000268e+04,6.731420553600000218e+06
-5.389497230000000127e+04,6.731803398599999957e+06,-5.378051290000000154e+04,6.731676345599999651e+06
-5.360238089999999647e+04,6.731753994699999690e+06,-5.350111030000000028e+04,6.731640721199999563e+06
-5.352720429999999760e+04,6.731894313500000164e+06,-5.349626340000000346e+04,6.731522208700000308e+06
-5.361772830000000249e+04,6.731699029600000009e+06,-5.349938240000000224e+04,6.731560076100000180e+06
-5.359417079999999987e+04,6.731783398299999535e+06,-5.350818920000000071e+04,6.731666997499999590e+06
-5.343653710000000137e+04,6.731694118700000457e+06,-5.339010850000000210e+04,6.731627569699999876e+06
-5.330185839999999735e+04,6.731629777099999599e+06,-5.342337550000000192e+04,6.731524657999999821e+06
-5.324502019999999902e+04,6.731627772599999793e+06,-5.340626009999999951e+04,6.731509132799999788e+06
-5.321321659999999974e+04,6.731501629399999976e+06,-5.342664549999999872e+04,6.731520773299999535e+06
-5.386293140000000130e+04,6.731838443400000222e+06,-5.368581629999999859e+04,6.731616675800000317e+06
-5.352741569999999774e+04,6.731363257600000128e+06,-5.342502479999999923e+04,6.731348123200000264e+06
-5.353595160000000033e+04,6.731390915799999610e+06,-5.341920399999999790e+04,6.731368496100000106e+06
-5.342378100000000268e+04,6.731443095700000413e+06,-5.342740610000000015e+04,6.731324575199999847e+06
-5.311367910000000120e+04,6.731679836900000460e+06,-5.294392309999999998e+04,6.731658193400000222e+06
-5.309764639999999781e+04,6.731652637199999765e+06,-5.331832989999999700e+04,6.731630358000000007e+06
-5.300451279999999679e+04,6.731628559999999590e+06,-5.318456999999999971e+04,6.731625640599999577e+06
-5.312186099999999715e+04,6.732863253499999642e+06,-5.330912180000000080e+04,6.732274372000000440e+06
-5.328374240000000282e+04,6.732279604799999855e+06,-5.327190439999999944e+04,6.732176647900000215e+06
-5.323814029999999912e+04,6.732163016400000080e+06,-5.324109590000000026e+04,6.732033159300000407e+06
-5.318105500000000029e+04,6.732178137299999595e+06,-5.319932149999999820e+04,6.732028326899999753e+06
-5.288436510000000271e+04,6.732150128600000404e+06,-5.303336899999999878e+04,6.732182896300000139e+06
-5.302256190000000061e+04,6.732220119099999778e+06,-5.301087939999999799e+04,6.732128656600000337e+06
-5.257006259999999747e+04,6.732339977500000037e+06,-5.278782409999999800e+04,6.732002380499999970e+06
-5.362566429999999673e+04,6.731670607699999586e+06,-5.373884279999999853e+04,6.731683070799999870e+06
-5.356236499999999796e+04,6.731897307599999942e+06,-5.343603510000000097e+04,6.731886549899999984e+06
-5.354790699999999924e+04,6.731949087299999781e+06,-5.343593839999999909e+04,6.731923598199999891e+06
-5.352515359999999782e+04,6.731869651300000027e+06,-5.343616619999999966e+04,6.731836286199999973e+06
-5.356963990000000194e+04,6.731871253299999982e+06,-5.353068880000000354e+04,6.731697457200000063e+06
-5.379957609999999841e+04,6.731759115600000136e+06,-5.359932540000000154e+04,6.731764937699999660e+06
-5.325797959999999875e+04,6.732228448499999940e+06,-5.333907319999999891e+04,6.732238767300000414e+06
-5.339087140000000363e+04,6.732184301900000311e+06,-5.321902419999999984e+04,6.732189858199999668e+06
-5.327194090000000142e+04,6.732154063299999572e+06,-5.328817740000000049e+04,6.732038605600000359e+06
-5.433093789999999717e+04,6.732230471800000407e+06,-5.444931809999999678e+04,6.732107447100000456e+06
-5.463038220000000001e+04,6.731739252399999648e+06,-5.457480640000000130e+04,6.731710588499999605e+06
-5.331082250000000204e+04,6.731888336600000039e+06,-5.314252780000000348e+04,6.731868406600000337e+06
-5.473774579999999696e+04,6.731219030399999581e+06,-5.475371639999999752e+04,6.731090459300000221e+06
-5.472180069999999978e+04,6.731218503299999982e+06,-5.473387269999999990e+04,6.731094428000000305e+06
-5.440952479999999923e+04,6.731240605899999849e+06,-5.426291339999999764e+04,6.731243917899999768e+06
-5.423910080000000016e+04,6.731377532800000161e+06,-5.435154899999999907e+04,6.731189678199999966e+06
-5.310661839999999938e+04,6.731884603799999692e+06,-5.328395309999999881e+04,6.731660637500000186e+06
-5.326909679999999935e+04,6.731706098399999551e+06,-5.320863840000000346e+04,6.731734793499999680e+06
-5.310730999999999767e+04,6.731901998599999584e+06,-5.303127550000000338e+04,6.731803512799999677e+06
-5.371732039999999688e+04,6.731997705699999817e+06,-5.358496809999999823e+04,6.731816356700000353e+06
-5.374282590000000346e+04,6.731969809100000188e+06,-5.359155900000000111e+04,6.731792752299999818e+06
-5.377243480000000272e+04,6.731937424300000072e+06,-5.374284019999999873e+04,6.731760765100000426e+06
-5.376562159999999858e+04,6.731896754099999554e+06,-5.361447170000000187e+04,6.731764497299999930e+06
-5.362129750000000058e+04,6.731519085099999793e+06,-5.358512200000000303e+04,6.731432503100000322e+06
-5.403581380000000354e+04,6.731474815499999560e+06,-5.402797230000000127e+04,6.731409345800000243e+06
-5.404738339999999880e+04,6.731462297500000335e+06,-5.404370519999999669e+04,6.731395035099999979e+06
-5.389328970000000118e+04,6.731436270399999805e+06,-5.383799169999999867e+04,6.731469343399999663e+06
-5.385054830000000220e+04,6.731513147300000302e+06,-5.387401989999999932e+04,6.731490175800000317e+06
-5.389658389999999781e+04,6.731471893000000156e+06,-5.391994230000000243e+04,6.731452790900000371e+06
-5.467197729999999865e+04,6.731421921299999580e+06,-5.461627870000000257e+04,6.731307771999999881e+06
-5.466527259999999660e+04,6.731454202200000174e+06,-5.460816090000000258e+04,6.731341089700000361e+06
-5.353873819999999978e+04,6.731733372700000182e+06,-5.343661830000000191e+04,6.731663011900000274e+06
-5.317886920000000100e+04,6.731752448099999689e+06,-5.324283840000000055e+04,6.731643785199999809e+06
-5.312305859999999666e+04,6.731863074000000022e+06,-5.311695659999999771e+04,6.731832352400000207e+06
-5.313865249999999651e+04,6.731848227500000037e+06,-5.313441909999999916e+04,6.731819123200000264e+06
-5.316003659999999945e+04,6.731851649899999611e+06,-5.315489349999999831e+04,6.731811042399999686e+06
-5.305924399999999878e+04,6.731839739799999632e+06,-5.293753880000000208e+04,6.731818007600000128e+06
-5.306323460000000341e+04,6.731804772300000302e+06,-5.304869389999999839e+04,6.731711702200000174e+06
-5.303691750000000320e+04,6.731835753100000322e+06,-5.302170640000000276e+04,6.731726518899999559e+06
-5.306824240000000282e+04,6.731882493099999614e+06,-5.303704119999999966e+04,6.731839299899999984e+06
-5.305760209999999643e+04,6.731900339900000021e+06,-5.303006500000000233e+04,6.731848783900000155e+06
-5.299297260000000097e+04,6.731854789099999703e+06,-5.296810169999999925e+04,6.731733609699999914e+06
-5.308187279999999737e+04,6.731688630499999970e+06,-5.293529329999999754e+04,6.731665347099999897e+06
-5.321215860000000248e+04,6.731782742100000381e+06,-5.320054879999999685e+04,6.731742758600000292e+06
-5.331785220000000118e+04,6.731861248700000346e+06,-5.324472770000000310e+04,6.731839674300000072e+06
-5.351938859999999841e+04,6.731802967400000431e+06,-5.343629679999999644e+04,6.731786253999999724e+06
-5.330056739999999991e+04,6.731927852800000459e+06,-5.311505599999999686e+04,6.731894642099999823e+06
-5.330694799999999668e+04,6.731999948599999771e+06,-5.306344440000000031e+04,6.731943506199999712e+06
-5.322155320000000211e+04,6.732017592000000179e+06,-5.303064349999999831e+04,6.731974323200000450e+06
-5.341018890000000101e+04,6.731791544999999925e+06,-5.334032140000000072e+04,6.731689744900000282e+06
-5.377032710000000225e+04,6.731685046000000089e+06,-5.370953179999999702e+04,6.731621558500000276e+06
-5.378930939999999828e+04,6.731668832000000402e+06,-5.374326630000000296e+04,6.731615274600000121e+06
-5.362357469999999739e+04,6.731764232699999586e+06,-5.365496140000000014e+04,6.731613290199999698e+06
-5.365297699999999895e+04,6.731768402499999851e+06,-5.368108909999999742e+04,6.731647686099999584e+06
-5.365220380000000296e+04,6.731626551799999550e+06,-5.360733630000000267e+04,6.731502165000000037e+06
-5.370060209999999643e+04,6.731619243400000036e+06,-5.364603169999999955e+04,6.731494227500000037e+06
-5.366885209999999643e+04,6.731659592400000431e+06,-5.366190669999999955e+04,6.731603037600000389e+06
-5.367645880000000034e+04,6.731630157399999909e+06,-5.362279030000000057e+04,6.731545008200000040e+06
-5.374485960000000341e+04,6.731772819500000216e+06,-5.370589379999999801e+04,6.731691011699999683e+06
-5.372309169999999722e+04,6.731774355700000189e+06,-5.369497970000000350e+04,6.731707878999999724e+06
-5.356737679999999818e+04,6.731714841799999587e+06,-5.357288900000000285e+04,6.731581732599999756e+06
-5.347939860000000044e+04,6.731692487599999644e+06,-5.346946729999999661e+04,6.731548906399999745e+06
-5.340208540000000357e+04,6.731797837500000373e+06,-5.348632229999999981e+04,6.731697258100000210e+06
-5.385765419999999722e+04,6.731410419599999674e+06,-5.387569550000000163e+04,6.731394848399999551e+06
-5.380279759999999806e+04,6.731443030500000343e+06,-5.383496040000000357e+04,6.731418017699999735e+06
-5.383034290000000328e+04,6.731445396900000051e+06,-5.386153530000000319e+04,6.731425038800000213e+06
-5.372089850000000297e+04,6.731944143199999817e+06,-5.371135749999999825e+04,6.731817310800000094e+06
-5.381667560000000231e+04,6.731390350399999879e+06,-5.367133449999999721e+04,6.731383795199999586e+06
-5.381723230000000331e+04,6.731537868999999948e+06,-5.375350749999999971e+04,6.731529894700000063e+06
-5.331307669999999780e+04,6.731794155700000003e+06,-5.327965230000000156e+04,6.731767223100000061e+06
-5.332756839999999647e+04,6.731823809100000188e+06,-5.326937730000000010e+04,6.731788538499999791e+06
-5.323791230000000360e+04,6.731746041100000031e+06,-5.322645049999999901e+04,6.731726339399999939e+06
-5.319488549999999668e+04,6.731626004399999976e+06,-5.316790219999999681e+04,6.731567543700000271e+06
-5.318892109999999957e+04,6.731625794099999592e+06,-5.318020530000000144e+04,6.731603659400000237e+06
-5.320203349999999773e+04,6.731663984500000253e+06,-5.318179290000000037e+04,6.731616227099999785e+06
-5.320984569999999803e+04,6.731645759800000116e+06,-5.337411570000000211e+04,6.731516061499999836e+06
-5.329520029999999679e+04,6.731590850300000049e+06,-5.327578629999999976e+04,6.731568139000000432e+06
-5.328550460000000021e+04,6.731597984299999662e+06,-5.326950239999999758e+04,6.731578060899999924e+06
-5.332173369999999704e+04,6.731612583800000139e+06,-5.330341840000000229e+04,6.731584803399999626e+06
-5.332992500000000291e+04,6.731605497899999842e+06,-5.331152309999999852e+04,6.731578839999999851e+06
-5.323032989999999700e+04,6.731603211099999957e+06,-5.320769460000000254e+04,6.731579770899999887e+06
-5.309779980000000069e+04,6.731622580500000156e+06,-5.304758269999999902e+04,6.731590297899999656e+06
-5.336819200000000274e+04,6.732236463499999605e+06,-5.360342050000000017e+04,6.732158756299999543e+06
-5.423028110000000015e+04,6.732297428700000048e+06,-5.407257979999999952e+04,6.732056316200000234e+06
-5.419433550000000105e+04,6.732328605999999680e+06,-5.404611729999999807e+04,6.732078255300000310e+06
-5.415863650000000052e+04,6.732359569500000216e+06,-5.400137419999999838e+04,6.732115349999999627e+06
-5.440490789999999834e+04,6.732163546600000001e+06,-5.452911389999999665e+04,6.732148767599999905e+06
-5.315316659999999683e+04,6.732185524400000460e+06,-5.309668619999999646e+04,6.732043390700000338e+06
-5.311833260000000155e+04,6.732194751199999824e+06,-5.305727079999999842e+04,6.732051534300000407e+06
-5.301351769999999669e+04,6.732149311700000428e+06,-5.309432609999999841e+04,6.732138445399999619e+06
-5.319658030000000144e+04,6.732174024899999611e+06,-5.314701329999999871e+04,6.732067474899999797e+06
-5.294038799999999901e+04,6.732241885400000028e+06,-5.291895470000000205e+04,6.732157735199999996e+06
-5.329518029999999999e+04,6.732433923499999568e+06,-5.334489710000000196e+04,6.732266995600000024e+06
-5.341080339999999705e+04,6.732553515399999917e+06,-5.339584440000000177e+04,6.732256491100000218e+06
-5.345737019999999757e+04,6.732593732200000435e+06,-5.348747669999999925e+04,6.732197058100000024e+06
-5.347430350000000180e+04,6.732629715599999763e+06,-5.362247050000000309e+04,6.732373598399999551e+06
-5.346288590000000113e+04,6.732521059500000440e+06,-5.352494600000000355e+04,6.732184680200000294e+06
-5.352977610000000277e+04,6.732533827300000004e+06,-5.353637939999999799e+04,6.732180903199999593e+06
-5.261225250000000233e+04,6.732281195899999700e+06,-5.252062299999999959e+04,6.731958199500000104e+06
-5.248829340000000229e+04,6.732401671900000423e+06,-5.239413769999999931e+04,6.732055837500000373e+06
-5.284023760000000038e+04,6.732232353400000371e+06,-5.268515159999999742e+04,6.732264225399999879e+06
-5.343702049999999872e+04,6.731229997499999590e+06,-5.170081820000000153e+04,6.732535922299999744e+06
-5.251895939999999973e+04,6.732403453300000168e+06,-5.194196340000000055e+04,6.732369935200000182e+06
-5.304340140000000247e+04,6.732214599100000225e+06,-5.301951739999999700e+04,6.732059334499999881e+06
-5.206248240000000078e+04,6.732761772099999711e+06,-5.223898019999999815e+04,6.732172372100000270e+06
-5.472155019999999786e+04,6.732919464100000449e+06,-5.467127930000000197e+04,6.732600640599999577e+06
-5.447813309999999910e+04,6.732924755800000392e+06,-5.432202859999999782e+04,6.732500098699999973e+06
-5.407596560000000318e+04,6.733728826200000010e+06,-5.387355900000000111e+04,6.733047522699999623e+06
-5.422545549999999639e+04,6.733670617700000294e+06,-5.403892390000000159e+04,6.733062074799999595e+06
-5.436568490000000020e+04,6.733644159300000407e+06,-5.414343450000000303e+04,6.733052814399999566e+06
-5.425588259999999718e+04,6.733632252999999560e+06,-5.407067390000000159e+04,6.733063397699999623e+06
-5.423090770000000339e+04,6.733635039400000125e+06,-5.437759120000000257e+04,6.733059428999999538e+06
-5.431082080000000133e+04,6.733388205400000326e+06,-5.419635130000000208e+04,6.733050168499999680e+06
-5.442681410000000324e+04,6.733573660500000231e+06,-5.370777900000000227e+04,6.733206759800000116e+06
-5.350711030000000028e+04,6.733686492700000294e+06,-5.370422529999999824e+04,6.733181137600000016e+06
-5.356219460000000254e+04,6.733545269799999893e+06,-5.348858939999999711e+04,6.733318721199999563e+06
-5.404686140000000159e+04,6.732994076799999923e+06,-5.392647570000000269e+04,6.732587940499999560e+06
-5.377963169999999809e+04,6.732937191200000234e+06,-5.382593390000000363e+04,6.732569419700000435e+06
-5.378445949999999721e+04,6.732898844999999739e+06,-5.367127139999999781e+04,6.732428045900000259e+06
-5.294691049999999814e+04,6.733014820899999700e+06,-5.285082149999999820e+04,6.732593140800000168e+06
-5.232706629999999859e+04,6.733551819500000216e+06,-5.314859919999999693e+04,6.732840088999999687e+06
-5.288388840000000346e+04,6.733069419800000265e+06,-5.281987980000000243e+04,6.732742076600000262e+06
-5.284125439999999799e+04,6.732639191200000234e+06,-5.270543329999999696e+04,6.732304120400000364e+06
-5.329808909999999742e+04,6.732699330299999565e+06,-5.318818349999999919e+04,6.732299307699999772e+06
-5.353885970000000088e+04,6.732993159500000067e+06,-5.343723350000000210e+04,6.732746495299999602e+06
-5.357362789999999950e+04,6.732996162299999967e+06,-5.342269499999999971e+04,6.732752649299999699e+06
-5.308408260000000155e+04,6.732895982599999756e+06,-5.374736619999999675e+04,6.732615217299999669e+06
-5.371320210000000225e+04,6.732826298700000159e+06,-5.367410500000000320e+04,6.732646228500000201e+06
-5.292282910000000265e+04,6.732246536399999633e+06,-5.272289790000000357e+04,6.733208892900000326e+06
-5.368940260000000126e+04,6.732648190499999560e+06,-5.356118430000000080e+04,6.732479535899999551e+06
-5.285309339999999793e+04,6.732299928700000048e+06,-5.275620670000000246e+04,6.732290671500000171e+06
-5.298984889999999723e+04,6.732795109699999914e+06,-5.295677590000000055e+04,6.732571536299999803e+06
-5.296206760000000213e+04,6.732788495099999942e+06,-5.289904559999999765e+04,6.732361016699999571e+06
-5.301630720000000292e+04,6.732718380400000140e+06,-5.299249470000000292e+04,6.732579473899999633e+06
-5.314453450000000157e+04,6.732791951799999923e+06,-5.289664919999999984e+04,6.732775113300000317e+06
-5.315288680000000022e+04,6.732765686200000346e+06,-5.289046949999999924e+04,6.732745640599999577e+06
-5.286085639999999694e+04,6.732628979700000025e+06,-5.319235760000000300e+04,6.732641561800000258e+06
-5.304146259999999893e+04,6.732635834599999711e+06,-5.295023790000000008e+04,6.732239276300000027e+06
-5.243046459999999934e+04,6.732398312599999830e+06,-5.234876840000000084e+04,6.732090369099999778e+06
-5.266028330000000278e+04,6.733263138799999841e+06,-5.244771650000000227e+04,6.732682661600000225e+06
-5.260759260000000359e+04,6.733308787100000307e+06,-5.245829989999999816e+04,6.732857286899999715e+06
-5.244771650000000227e+04,6.732992224700000137e+06,-5.233059509999999864e+04,6.732561354899999686e+06
-5.232600789999999688e+04,6.733013391400000080e+06,-5.224795569999999861e+04,6.732766005499999970e+06
-5.278242229999999836e+04,6.732922376000000164e+06,-5.264218570000000182e+04,6.732533436300000176e+06
-5.266599820000000182e+04,6.732644561499999836e+06,-5.259278639999999723e+04,6.732341630400000140e+06
-5.278638390000000072e+04,6.732712030399999581e+06,-5.269774829999999929e+04,6.732455383999999613e+06
-5.279035259999999835e+04,6.732626040599999949e+06,-5.268414149999999790e+04,6.732309760200000368e+06
-5.276189590000000317e+04,6.733021178299999796e+06,-5.267261280000000261e+04,6.732749072100000456e+06
-5.261572729999999865e+04,6.733022916400000453e+06,-5.248053100000000268e+04,6.732772271300000139e+06
-5.273222709999999643e+04,6.733163987599999644e+06,-5.260249809999999707e+04,6.732835061900000088e+06
-5.259456059999999707e+04,6.732606196800000034e+06,-5.253635209999999643e+04,6.732458029900000431e+06
-5.227396229999999923e+04,6.732608815000000410e+06,-5.236040380000000005e+04,6.732427602699999698e+06
-5.222281349999999657e+04,6.732651679299999960e+06,-5.232733090000000084e+04,6.732418342299999669e+06
-5.221223690000000352e+04,6.732616780199999921e+06,-5.232637000000000262e+04,6.732392265599999577e+06
-5.181668400000000111e+04,6.733168437500000000e+06,-5.220694520000000193e+04,6.732725259600000456e+06
-5.177831940000000031e+04,6.732999103900000453e+06,-5.207994499999999971e+04,6.732735842899999581e+06
-5.200983019999999669e+04,6.732656467799999751e+06,-5.212597899999999936e+04,6.732380624800000340e+06
-5.285846790000000328e+04,6.732556334999999963e+06,-5.276688590000000113e+04,6.732291691899999976e+06
-5.311643899999999849e+04,6.732390474999999627e+06,-5.306393179999999847e+04,6.732209161000000313e+06
-5.324476219999999739e+04,6.732735492300000042e+06,-5.337933030000000144e+04,6.732259895999999717e+06
-5.305849510000000009e+04,6.734014490699999966e+06,-5.316044389999999839e+04,6.732864723600000143e+06
-5.310426810000000114e+04,6.733953107300000265e+06,-5.336752909999999974e+04,6.733388220700000413e+06
-5.376969660000000295e+04,6.733721596400000155e+06,-5.373662359999999899e+04,6.733515220999999903e+06
-5.377366530000000057e+04,6.733584012799999677e+06,-5.375646740000000136e+04,6.733422616600000300e+06
-5.375382149999999820e+04,6.733554908599999733e+06,-5.373926939999999740e+04,6.733402772800000384e+06
-5.322902580000000307e+04,6.733677749300000258e+06,-5.325640389999999752e+04,6.733199043300000019e+06
-5.342441459999999643e+04,6.733463627100000158e+06,-5.354744610000000102e+04,6.733114376400000416e+06
-5.348574940000000061e+04,6.733340835599999875e+06,-5.341383129999999801e+04,6.733151418200000189e+06
-5.403031169999999838e+04,6.733695138000000268e+06,-5.391124399999999878e+04,6.733362218200000003e+06
-5.414536439999999857e+04,6.733551432300000452e+06,-5.408587430000000313e+04,6.733331335199999623e+06
-5.382925280000000203e+04,6.733584240699999966e+06,-5.379615490000000136e+04,6.733404095800000243e+06
-5.322465380000000005e+04,6.733849919599999674e+06,-5.328947690000000148e+04,6.733746731900000013e+06
-5.237269380000000092e+04,6.733484793800000101e+06,-5.227082899999999790e+04,6.733132368099999614e+06
-5.254156429999999818e+04,6.733365990299999714e+06,-5.244280849999999919e+04,6.733121784799999557e+06
-5.199963049999999930e+04,6.733443254200000316e+06,-5.218219339999999647e+04,6.733203805800000206e+06
-5.175224459999999817e+04,6.733300378899999894e+06,-5.206577649999999994e+04,6.733154857800000347e+06
-5.193613040000000183e+04,6.733445900000000373e+06,-5.197278719999999885e+04,6.732991167799999937e+06
-5.183161980000000040e+04,6.733404889499999583e+06,-5.184133640000000014e+04,6.733259028300000355e+06
-5.193216159999999945e+04,6.732672256799999624e+06,-5.200492220000000088e+04,6.732434131299999543e+06
-5.263029080000000249e+04,6.732256063799999654e+06,-5.254204129999999714e+04,6.731941493999999948e+06
-5.272941629999999714e+04,6.732113137699999847e+06,-5.262216249999999854e+04,6.731878815399999730e+06
-5.309105000000000291e+04,6.732302803500000387e+06,-5.291391689999999653e+04,6.732289434899999760e+06
-5.190570330000000104e+04,6.732449477199999616e+06,-5.201471499999999651e+04,6.732644866899999790e+06
-5.344611050000000250e+04,6.733462039599999785e+06,-5.338525620000000345e+04,6.733173643199999817e+06
-5.328074560000000201e+04,6.733891988400000148e+06,-5.327413100000000122e+04,6.733727946399999782e+06
-5.425441419999999925e+04,6.733683760900000110e+06,-5.432419430000000284e+04,6.733525219600000419e+06
-5.449253970000000118e+04,6.733356999800000340e+06,-5.432056019999999990e+04,6.733075218000000343e+06
-5.365513169999999809e+04,6.733691698400000110e+06,-5.380253540000000066e+04,6.733435998499999754e+06
-5.366398449999999866e+04,6.733284305300000124e+06,-5.357840239999999903e+04,6.733105645200000145e+06
-5.367834790000000066e+04,6.733247480899999849e+06,-5.360221499999999651e+04,6.733101676400000229e+06
-5.368719320000000153e+04,6.733224803799999878e+06,-5.362886660000000120e+04,6.733115484600000083e+06
-5.333884820000000036e+04,6.733445582499999553e+06,-5.345140219999999681e+04,6.733330541500000283e+06
-5.335691840000000229e+04,6.732965493900000118e+06,-5.336726870000000054e+04,6.732776110999999568e+06
-5.342160549999999785e+04,6.732889267699999735e+06,-5.337693080000000191e+04,6.732772021099999547e+06
-5.352839609999999811e+04,6.733025740799999796e+06,-5.345960429999999906e+04,6.732878896800000221e+06
-5.321883299999999872e+04,6.733187137000000104e+06,-5.326981070000000182e+04,6.732817364599999972e+06
-5.336257170000000042e+04,6.733032499300000258e+06,-5.327940879999999743e+04,6.732813301799999550e+06
-5.302145730000000185e+04,6.732950237700000405e+06,-5.299679000000000087e+04,6.732781915699999779e+06
-5.301156900000000314e+04,6.732690741000000387e+06,-5.287646459999999934e+04,6.732684723100000061e+06
-5.316138259999999718e+04,6.732738969299999997e+06,-5.303362430000000313e+04,6.732729406899999827e+06
-5.302946729999999661e+04,6.732583690600000322e+06,-5.292931549999999697e+04,6.732566337600000203e+06
-5.311364489999999932e+04,6.732380826500000432e+06,-5.290279830000000220e+04,6.732386471499999985e+06
-5.366253809999999794e+04,6.732612853799999692e+06,-5.364745880000000034e+04,6.732408202100000344e+06
-5.454439809999999852e+04,6.732922817699999548e+06,-5.446766879999999946e+04,6.732540493999999948e+06
-5.482513259999999718e+04,6.732726253999999724e+06,-5.379060970000000088e+04,6.732586024500000291e+06
-5.425520479999999952e+04,6.732649000300000422e+06,-5.420600639999999839e+04,6.732494743099999614e+06
-5.418921620000000257e+04,6.732638018899999559e+06,-5.416325430000000051e+04,6.732533602500000037e+06
-5.432110040000000299e+04,6.732847962500000373e+06,-5.427893989999999758e+04,6.732652217600000091e+06
-5.414912079999999696e+04,6.732961733599999920e+06,-5.410149579999999696e+04,6.732772556099999696e+06
-5.412726520000000164e+04,6.732874918100000359e+06,-5.407768319999999949e+04,6.732771233199999668e+06
-5.372314080000000104e+04,6.732929983500000089e+06,-5.372610470000000350e+04,6.732664713000000454e+06
-5.415838130000000092e+04,6.732965702399999835e+06,-5.410429559999999765e+04,6.732628544599999674e+06
-5.467431979999999749e+04,6.732736837299999781e+06,-5.465183019999999669e+04,6.732627035000000149e+06
-5.465579890000000159e+04,6.732738160199999809e+06,-5.462537180000000080e+04,6.732605868300000206e+06
-5.414421399999999994e+04,6.732633955500000156e+06,-5.417690219999999681e+04,6.732461670099999756e+06
-5.481904720000000088e+04,6.732816212500000373e+06,-5.459317839999999705e+04,6.732669570299999788e+06
-5.393230529999999999e+04,6.732973617100000381e+06,-5.384537859999999637e+04,6.732695826799999923e+06
-5.384140980000000127e+04,6.732814889600000344e+06,-5.384727419999999984e+04,6.732593705400000326e+06
-5.411922290000000066e+04,6.732959087799999863e+06,-5.404778519999999844e+04,6.732779170699999668e+06
-5.350957559999999648e+04,6.732568745299999602e+06,-5.337441930000000139e+04,6.732545014000000432e+06
-5.394280930000000080e+04,6.732606655100000091e+06,-5.394724339999999938e+04,6.732472253399999812e+06
-5.400917050000000017e+04,6.732615650399999693e+06,-5.402397269999999844e+04,6.732519878499999642e+06
-5.396880870000000141e+04,6.732957515200000256e+06,-5.384934730000000127e+04,6.732898233500000089e+06
-5.427537730000000010e+04,6.732892175900000148e+06,-5.423167100000000210e+04,6.732732868599999696e+06
-5.360010929999999644e+04,6.733006712899999693e+06,-5.358729089999999997e+04,6.732682976499999873e+06
-5.344400489999999991e+04,6.733638539099999703e+06,-5.343342149999999674e+04,6.733475820000000298e+06
-5.340881519999999728e+04,6.733645471199999563e+06,-5.338222449999999662e+04,6.733555777300000191e+06
-5.322373060000000260e+04,6.733689436599999666e+06,-5.315666679999999906e+04,6.733437190799999982e+06
-5.322043149999999878e+04,6.733720295500000007e+06,-5.260395109999999841e+04,6.733622399500000291e+06
-5.329980660000000353e+04,6.733859202100000344e+06,-5.265422200000000157e+04,6.733687222500000149e+06
-5.268469290000000183e+04,6.733043465400000103e+06,-5.226131500000000233e+04,6.732896116799999960e+06
-5.273590610000000015e+04,6.732229825600000098e+06,-5.271124579999999696e+04,6.732143272300000302e+06
-5.253915789999999834e+04,6.732386572800000198e+06,-5.247165920000000187e+04,6.732169834099999629e+06
-5.261995300000000134e+04,6.732270467100000009e+06,-5.248447149999999965e+04,6.732210974399999715e+06
-5.256955520000000251e+04,6.732810656200000085e+06,-5.250340920000000187e+04,6.732606926599999890e+06
-5.269523249999999825e+04,6.732916489799999632e+06,-5.260130520000000251e+04,6.732674395499999635e+06
-5.237523670000000129e+04,6.732739689699999988e+06,-5.260645870000000286e+04,6.732687678399999626e+06
-5.238514409999999771e+04,6.732758401700000279e+06,-5.217003360000000248e+04,6.732797427000000142e+06
-5.269298829999999725e+04,6.733064498300000094e+06,-5.251928429999999935e+04,6.733099052600000054e+06
-5.222162739999999758e+04,6.733149323599999771e+06,-5.240022149999999965e+04,6.733120219299999997e+06
-5.258577180000000226e+04,6.732318090499999933e+06,-5.249081850000000122e+04,6.731981338600000367e+06
-5.296671719999999914e+04,6.732234911299999803e+06,-5.296835910000000149e+04,6.732168599899999797e+06
-5.298896860000000015e+04,6.732229017300000414e+06,-5.298756500000000233e+04,6.732172823499999940e+06
-5.332470790000000125e+04,6.732271158400000073e+06,-5.313179589999999735e+04,6.732240742600000463e+06
-5.317424970000000030e+04,6.732302180599999614e+06,-5.319397310000000289e+04,6.732201054999999702e+06
-5.340898440000000119e+04,6.732517397400000133e+06,-5.347380769999999757e+04,6.732377156700000167e+06
-5.340506339999999909e+04,6.732439542600000277e+06,-5.348223900000000140e+04,6.732266068900000304e+06
-5.346068439999999828e+04,6.732550065499999560e+06,-5.340192319999999745e+04,6.732377190499999560e+06
-5.278416780000000290e+04,6.732293343100000173e+06,-5.276397800000000279e+04,6.732209022599999793e+06
-5.277534440000000177e+04,6.732768818400000222e+06,-5.267877130000000034e+04,6.732469838600000367e+06
-5.268970969999999943e+04,6.732665241799999960e+06,-5.277436290000000008e+04,6.732474169800000265e+06
-5.332303300000000309e+04,6.733668668100000359e+06,-5.327903500000000349e+04,6.733567372100000270e+06
-5.306737320000000182e+04,6.733941309200000018e+06,-5.303199070000000211e+04,6.733840647599999793e+06
-5.307308159999999771e+04,6.733894255099999718e+06,-5.304257409999999800e+04,6.733816835099999793e+06
-5.240360399999999936e+04,6.732670393199999817e+06,-5.241316550000000279e+04,6.732492158300000243e+06
-5.243932289999999921e+04,6.732643934799999930e+06,-5.244461450000000332e+04,6.732505028300000355e+06
-5.264962099999999919e+04,6.732576796799999662e+06,-5.244294230000000243e+04,6.732548923299999908e+06
-5.228480589999999938e+04,6.733524205299999565e+06,-5.221072239999999874e+04,6.733256975599999540e+06
-5.226363919999999780e+04,6.733532142799999565e+06,-5.219881609999999637e+04,6.733294017400000244e+06
-5.213489830000000075e+04,6.733354990399999544e+06,-5.214519959999999992e+04,6.733160563500000164e+06
-5.229285899999999674e+04,6.732495301400000229e+06,-5.227817240000000311e+04,6.732389465800000355e+06
-5.238345769999999902e+04,6.732938626199999824e+06,-5.236283279999999650e+04,6.732798116299999878e+06
-5.236890080000000307e+04,6.733125323400000110e+06,-5.231563109999999870e+04,6.732771012699999847e+06
-5.354290219999999681e+04,6.733004827200000174e+06,-5.316147250000000349e+04,6.732924159400000237e+06
-5.336325770000000193e+04,6.732996843999999575e+06,-5.371320210000000225e+04,6.732832675599999726e+06
-5.439483690000000206e+04,6.732893895600000396e+06,-5.440198070000000007e+04,6.732763191200000234e+06
-5.400103869999999733e+04,6.732839488300000317e+06,-5.399951900000000023e+04,6.732614342100000009e+06
-5.455427679999999964e+04,6.732689539499999955e+06,-5.454038330000000133e+04,6.732569586799999699e+06
-5.457871630000000005e+04,6.732692852300000377e+06,-5.456816459999999643e+04,6.732581492999999784e+06
-5.284431609999999637e+04,6.733990668899999931e+06,-5.290072939999999653e+04,6.733669527400000021e+06
-5.273199779999999737e+04,6.732930058400000446e+06,-5.267630539999999746e+04,6.732679655799999833e+06
-5.332470790000000125e+04,6.732271158400000073e+06,-5.331924420000000100e+04,6.732026133700000122e+06
-5.397190879999999743e+04,6.733313132000000216e+06,-5.458263210000000254e+04,6.733190567300000228e+06
-5.444372559999999794e+04,6.733385036399999633e+06,-5.440536089999999967e+04,6.733312275899999775e+06
-5.402242179999999644e+04,6.733364218700000085e+06,-5.388418660000000091e+04,6.733080631900000386e+06
-5.454423440000000119e+04,6.733303280000000261e+06,-5.453470939999999973e+04,6.733173898500000127e+06
-5.456884070000000065e+04,6.733239779900000431e+06,-5.455058439999999973e+04,6.733135798399999738e+06
-5.450534049999999843e+04,6.733307248800000176e+06,-5.448708430000000226e+04,6.733175485999999568e+06
-5.440056530000000203e+04,6.733344555100000463e+06,-5.449105299999999988e+04,6.733115160899999551e+06
-5.387192680000000109e+04,6.733392180200000294e+06,-5.398145670000000246e+04,6.733336788099999540e+06
-5.442993409999999858e+04,6.733406467699999921e+06,-5.418838769999999931e+04,6.733542253299999982e+06
-5.401083329999999842e+04,6.733477905399999581e+06,-5.395588489999999729e+04,6.733349720399999991e+06
-5.387728459999999905e+04,6.733743032100000419e+06,-5.397602180000000226e+04,6.733535828300000168e+06
-5.407036469999999827e+04,6.733448695299999788e+06,-5.404074900000000343e+04,6.733373710699999705e+06
-5.407008200000000215e+04,6.733699257100000046e+06,-5.422310250000000087e+04,6.733662469299999997e+06
-5.327267590000000200e+04,6.733581407399999909e+06,-5.331264940000000206e+04,6.733193107300000265e+06
-5.336821199999999953e+04,6.733660627000000328e+06,-5.334519320000000153e+04,6.733567758000000380e+06
-5.314516780000000290e+04,6.733641576899999753e+06,-5.316341219999999885e+04,6.733475823499999940e+06
-5.317294909999999800e+04,6.733421707700000145e+06,-5.321104920000000129e+04,6.733224857400000095e+06
-5.320390540000000328e+04,6.733686820799999870e+06,-5.315817229999999836e+04,6.733523428799999878e+06
-5.244684649999999965e+04,6.733448048600000329e+06,-5.238253130000000237e+04,6.733214538599999622e+06
-5.204994939999999769e+04,6.733261528699999675e+06,-5.215154959999999846e+04,6.733175803500000387e+06
-5.232141240000000107e+04,6.733206759800000116e+06,-5.229283739999999671e+04,6.733107540900000371e+06
-5.396654200000000128e+04,6.733755877199999988e+06,-5.398951490000000194e+04,6.733575422899999656e+06
-5.395964070000000356e+04,6.733487759300000034e+06,-5.386652930000000197e+04,6.733428057799999602e+06
-5.353840959999999905e+04,6.733606248800000176e+06,-5.375064149999999790e+04,6.733115478400000371e+06
-5.347716810000000260e+04,6.733045848500000313e+06,-5.335408320000000094e+04,6.733039278199999593e+06
-5.307624779999999737e+04,6.732787313199999742e+06,-5.308224799999999959e+04,6.732897571999999695e+06
-5.269720749999999680e+04,6.733915262500000186e+06,-5.285350469999999768e+04,6.733938361600000411e+06
-5.281388900000000285e+04,6.733400223500000313e+06,-5.282023900000000140e+04,6.733289151200000197e+06
-5.292078089999999793e+04,6.733364557599999942e+06,-5.292580799999999726e+04,6.733312963800000027e+06
-5.291099130000000150e+04,6.733368261800000444e+06,-5.291284339999999793e+04,6.733312169999999925e+06
-5.271684769999999844e+04,6.733124993499999866e+06,-5.260129280000000290e+04,6.733102047600000165e+06
-5.204754830000000220e+04,6.733443879900000058e+06,-5.206395449999999983e+04,6.733358887199999765e+06
-5.185001000000000204e+04,6.733390486899999902e+06,-5.194522759999999835e+04,6.733333048200000077e+06
-5.198256650000000081e+04,6.733427793200000189e+06,-5.195716640000000189e+04,6.733340215900000185e+06
-5.200859470000000147e+04,6.733431496799999848e+06,-5.201643319999999949e+04,6.733355826399999671e+06
-5.182487449999999808e+04,6.732783478600000031e+06,-5.187249960000000283e+04,6.732734265999999829e+06
-5.180291399999999703e+04,6.732778186900000088e+06,-5.185688919999999780e+04,6.732718920099999756e+06
-5.198336020000000281e+04,6.732896244199999608e+06,-5.195972460000000137e+04,6.732582050499999896e+06
-5.188969759999999951e+04,6.732607953599999659e+06,-5.180291399999999703e+04,6.732531488900000229e+06
-5.199743940000000293e+04,6.732458620500000194e+06,-5.174846269999999640e+04,6.732777287299999967e+06
-5.172015219999999681e+04,6.732742097599999979e+06,-5.182011639999999898e+04,6.732675622600000352e+06
-5.190880049999999756e+04,6.732675422500000335e+06,-5.190059840000000258e+04,6.732600545300000347e+06
-5.383481459999999788e+04,6.733330679499999620e+06,-5.380219180000000051e+04,6.733167565700000152e+06
-5.380901980000000185e+04,6.733332955500000156e+06,-5.379005309999999736e+04,6.733224465900000185e+06
-5.387957600000000093e+04,6.733332955500000156e+06,-5.383253859999999986e+04,6.733139495000000112e+06
-5.397802100000000064e+04,6.733267034500000067e+06,-5.385640800000000309e+04,6.733237667700000107e+06
-5.398158699999999953e+04,6.733483963399999775e+06,-5.389725089999999909e+04,6.733332489199999720e+06
-5.377017429999999877e+04,6.733551250699999742e+06,-5.383375080000000162e+04,6.733466104000000283e+06
-5.384135749999999825e+04,6.733470734299999662e+06,-5.380780170000000362e+04,6.733452752899999730e+06
-5.370972709999999643e+04,6.733660242399999872e+06,-5.375269279999999708e+04,6.733615492600000463e+06
-5.365350299999999697e+04,6.733683724299999885e+06,-5.366243269999999757e+04,6.733563338600000367e+06
-5.366607069999999658e+04,6.733647013299999759e+06,-5.373879800000000250e+04,6.733528788999999873e+06
-5.367781420000000071e+04,6.733652351200000383e+06,-5.367334679999999935e+04,6.733607656399999745e+06
-5.369118269999999757e+04,6.733606191700000316e+06,-5.365846390000000247e+04,6.733511083300000057e+06
-5.353483709999999701e+04,6.733654620000000112e+06,-5.359337630000000354e+04,6.733548786500000395e+06
-5.358808460000000196e+04,6.733632461099999957e+06,-5.357554209999999875e+04,6.733581029000000097e+06
-5.358684799999999814e+04,6.733627390399999917e+06,-5.361388160000000062e+04,6.733587812599999830e+06
-5.356932329999999638e+04,6.733526993499999866e+06,-5.353483709999999701e+04,6.733436669099999592e+06
-5.367440510000000359e+04,6.733549778699999675e+06,-5.371276980000000185e+04,6.733461143099999987e+06
-5.362942590000000200e+04,6.733625515800000168e+06,-5.366316030000000319e+04,6.733549447999999858e+06
-5.365980449999999837e+04,6.733295021800000221e+06,-5.361751959999999963e+04,6.733224538999999873e+06
-5.365589680000000226e+04,6.733305040199999698e+06,-5.362082690000000002e+04,6.733249343700000085e+06
-5.372732190000000264e+04,6.733229499900000170e+06,-5.359006900000000314e+04,6.733238429600000381e+06
-5.382199279999999999e+04,6.733512038900000043e+06,-5.386781590000000142e+04,6.733444540500000119e+06
-5.396722780000000057e+04,6.733750490100000054e+06,-5.392803369999999995e+04,6.733636533200000413e+06
-5.412810029999999824e+04,6.733446194099999964e+06,-5.410891799999999785e+04,6.733344196999999695e+06
-5.405368609999999899e+04,6.733688023699999787e+06,-5.401962090000000171e+04,6.733568630300000310e+06
-5.413206910000000062e+04,6.733137755499999970e+06,-5.410494920000000275e+04,6.733068302199999802e+06
-5.416285240000000340e+04,6.733111068099999800e+06,-5.409294769999999698e+04,6.733112332600000314e+06
-5.431636869999999908e+04,6.733244003100000322e+06,-5.434803560000000289e+04,6.733132794499999844e+06
-5.438981809999999678e+04,6.733229262699999847e+06,-5.432693450000000303e+04,6.733085661999999546e+06
-5.409039710000000196e+04,6.733270378100000322e+06,-5.404078760000000329e+04,6.733190341500000097e+06
-5.412055730000000040e+04,6.733406085799999535e+06,-5.415401789999999892e+04,6.733423231800000183e+06
-5.412274730000000272e+04,6.733482179299999960e+06,-5.401057349999999860e+04,6.733422225700000301e+06
-5.395420259999999689e+04,6.733628558500000276e+06,-5.397371560000000318e+04,6.733554474999999627e+06
-5.396329230000000098e+04,6.733594048299999908e+06,-5.394097340000000258e+04,6.733528016699999571e+06
-5.397801860000000306e+04,6.733665726999999955e+06,-5.394472400000000198e+04,6.733601507899999619e+06
-5.397637109999999666e+04,6.733678668399999849e+06,-5.393981839999999647e+04,6.733611802400000393e+06
-5.388514620000000286e+04,6.733765480700000189e+06,-5.385471899999999732e+04,6.733641787700000219e+06
-5.380081010000000242e+04,6.733726785299999639e+06,-5.385273460000000341e+04,6.733608714700000361e+06
-5.397339880000000267e+04,6.733702015999999829e+06,-5.394467749999999796e+04,6.733630542899999768e+06
-5.335215580000000045e+04,6.733595848500000313e+06,-5.336881079999999929e+04,6.733527685899999924e+06
-5.339989940000000206e+04,6.733660308600000106e+06,-5.337046439999999711e+04,6.733538930700000376e+06
-5.332918929999999818e+04,6.733668576799999923e+06,-5.324634700000000157e+04,6.733639519000000320e+06
-5.315033170000000246e+04,6.733594662200000137e+06,-5.313776290000000154e+04,6.733513596800000407e+06
-5.336828160000000207e+04,6.733801397900000215e+06,-5.312651810000000114e+04,6.733782546299999580e+06
-5.330114340000000084e+04,6.733886064799999818e+06,-5.329816689999999653e+04,6.733853653199999593e+06
-5.321945320000000356e+04,6.733898632500000298e+06,-5.311097379999999976e+04,6.733904254900000058e+06
-5.321217710000000079e+04,6.733941627399999648e+06,-5.314206240000000253e+04,6.733935012799999677e+06
-5.334149250000000029e+04,6.733876804299999960e+06,-5.329452880000000005e+04,6.733882095999999903e+06
-5.336828160000000207e+04,6.733853984000000171e+06,-5.334645339999999851e+04,6.733792468200000003e+06
-5.335306799999999930e+04,6.733860929299999960e+06,-5.334016960000000108e+04,6.733824879800000228e+06
-5.337688059999999678e+04,6.733833478699999861e+06,-5.322242970000000059e+04,6.733843069899999537e+06
-5.307713579999999638e+04,6.733860836500000209e+06,-5.304383559999999852e+04,6.733766340599999763e+06
-5.325311600000000180e+04,6.733624578900000080e+06,-5.323524139999999898e+04,6.733569069500000216e+06
-5.325866189999999915e+04,6.733612338299999945e+06,-5.323715310000000318e+04,6.733535642799999565e+06
-5.328160149999999703e+04,6.733494704300000332e+06,-5.325417979999999807e+04,6.733442622200000100e+06
-5.328340340000000288e+04,6.733477200600000098e+06,-5.325880999999999767e+04,6.733431708100000396e+06
-5.332462529999999970e+04,6.733560692800000310e+06,-5.331172679999999673e+04,6.733454528500000015e+06
-5.324367650000000140e+04,6.733595264600000344e+06,-5.311064310000000114e+04,6.733556393299999647e+06
-5.289864519999999902e+04,6.733372904400000349e+06,-5.290856710000000021e+04,6.733299813099999912e+06
-5.303060639999999694e+04,6.733217130599999800e+06,-5.304416640000000189e+04,6.733085500099999830e+06
-5.316522050000000309e+04,6.733140737599999644e+06,-5.303836579999999958e+04,6.733141808100000024e+06
-5.303788249999999971e+04,6.733241604600000195e+06,-5.305144239999999991e+04,6.733167521099999547e+06
-5.316198969999999827e+04,6.733176547500000335e+06,-5.308782269999999698e+04,6.733162560200000182e+06
-5.291808690000000206e+04,6.733039792100000195e+06,-5.287284829999999783e+04,6.732816021499999799e+06
-5.314037649999999849e+04,6.732805027700000443e+06,-5.289926739999999700e+04,6.732787599799999967e+06
-5.291848900000000140e+04,6.732938457700000145e+06,-5.289699160000000120e+04,6.732834939199999906e+06
-5.291960770000000048e+04,6.732884607499999925e+06,-5.284673040000000037e+04,6.732879391800000332e+06
-5.287557680000000255e+04,6.733076620500000194e+06,-5.283084560000000056e+04,6.732993358799999580e+06
-5.285002790000000095e+04,6.733042637600000016e+06,-5.280967889999999898e+04,6.732933496700000018e+06
-5.283977530000000115e+04,6.733047929200000130e+06,-5.280537939999999799e+04,6.732914645100000314e+06
-5.298761159999999654e+04,6.733225266599999741e+06,-5.303672389999999723e+04,6.733157746500000358e+06
-5.298132770000000164e+04,6.733199469600000419e+06,-5.304056119999999646e+04,6.733120496700000018e+06
-5.308054660000000149e+04,6.733883617399999872e+06,-5.303556739999999991e+04,6.733876010599999689e+06
-5.441150570000000153e+04,6.732904875900000334e+06,-5.441520420000000013e+04,6.732827071899999864e+06
-5.397237269999999990e+04,6.732967278300000355e+06,-5.389974839999999676e+04,6.732768334900000133e+06
-5.426964970000000176e+04,6.732748879499999806e+06,-5.424652130000000034e+04,6.732647823300000280e+06
-5.419741829999999754e+04,6.732628493900000118e+06,-5.421389400000000023e+04,6.732519473899999633e+06
-5.421699749999999767e+04,6.732630081399999559e+06,-5.420762320000000182e+04,6.732560967799999751e+06
-5.420893099999999686e+04,6.732552314199999906e+06,-5.419874119999999675e+04,6.732508108199999668e+06
-5.406909509999999864e+04,6.732505515300000086e+06,-5.408867429999999877e+04,6.732442279799999669e+06
-5.410137430000000313e+04,6.732549171600000001e+06,-5.409767020000000048e+04,6.732438840200000443e+06
-5.409317220000000088e+04,6.732549700799999759e+06,-5.408682220000000234e+04,6.732479586099999957e+06
-5.413632719999999972e+04,6.732632886500000022e+06,-5.412015980000000127e+04,6.732543033300000243e+06
-5.406036389999999665e+04,6.732490963200000115e+06,-5.407253469999999652e+04,6.732444925599999726e+06
-5.401950749999999971e+04,6.732617051599999890e+06,-5.405062720000000263e+04,6.732476940200000070e+06
-5.385023129999999946e+04,6.732589652999999933e+06,-5.392113979999999719e+04,6.732497577800000086e+06
-5.399151909999999771e+04,6.732593833399999887e+06,-5.390235439999999653e+04,6.732501493599999696e+06
-5.395990469999999914e+04,6.732608972400000319e+06,-5.396823569999999745e+04,6.732501493599999696e+06
-5.396918009999999776e+04,6.732565111800000072e+06,-5.399231289999999717e+04,6.732501758200000040e+06
-5.412875749999999971e+04,6.732631860399999656e+06,-5.411354520000000048e+04,6.732564200000000186e+06
-5.411985349999999744e+04,6.732630653500000015e+06,-5.410693059999999969e+04,6.732563670800000429e+06
-5.408414529999999650e+04,6.732625813199999742e+06,-5.405983469999999943e+04,6.732494878999999724e+06
-5.402887840000000142e+04,6.732725066999999806e+06,-5.401803040000000328e+04,6.732636431400000118e+06
-5.404210760000000300e+04,6.732715542000000365e+06,-5.402861379999999917e+04,6.732666329400000162e+06
-5.408576389999999810e+04,6.732747556599999778e+06,-5.405882940000000235e+04,6.732622381699999794e+06
-5.406909509999999864e+04,6.732748350399999879e+06,-5.403866799999999785e+04,6.732657598100000061e+06
-5.381959249999999884e+04,6.732781687900000252e+06,-5.383673690000000352e+04,6.732592276999999769e+06
-5.379921959999999672e+04,6.732925886099999771e+06,-5.381284489999999641e+04,6.732673383899999782e+06
-5.378704869999999937e+04,6.732746127899999730e+06,-5.381624470000000292e+04,6.732589499300000258e+06
-5.373783610000000044e+04,6.732839049700000323e+06,-5.379614570000000094e+04,6.732806022800000384e+06
-5.395831569999999920e+04,6.732695356599999592e+06,-5.398058030000000144e+04,6.732611775000000373e+06
-5.394929839999999967e+04,6.732664935800000094e+06,-5.396603089999999793e+04,6.732609802799999714e+06
-5.385689890000000014e+04,6.732856036000000313e+06,-5.385305189999999857e+04,6.732724190399999730e+06
-5.400189080000000104e+04,6.732859951799999923e+06,-5.393495109999999841e+04,6.732675801500000060e+06
-5.370640359999999782e+04,6.732504192400000058e+06,-5.369079310000000260e+04,6.732430108900000341e+06
-5.366217970000000059e+04,6.732607990100000054e+06,-5.374820779999999650e+04,6.732450217299999669e+06
-5.378154540000000270e+04,6.732546790400000289e+06,-5.375058909999999742e+04,6.732492550699999556e+06
-5.377651830000000336e+04,6.732561871700000018e+06,-5.374794320000000153e+04,6.732508954900000244e+06
-5.369031489999999758e+04,6.732556391099999659e+06,-5.364912920000000304e+04,6.732430872800000012e+06
-5.379876209999999992e+04,6.732785241600000300e+06,-5.372438420000000042e+04,6.732818694400000386e+06
-5.366803889999999956e+04,6.732853072700000368e+06,-5.366248260000000300e+04,6.732783487099999562e+06
-5.365613259999999718e+04,6.732856247700000182e+06,-5.363972839999999997e+04,6.732806505900000222e+06
-5.364740140000000247e+04,6.732862597699999809e+06,-5.360956590000000142e+04,6.732773962100000121e+06
-5.357696910000000207e+04,6.732967743300000206e+06,-5.345182360000000335e+04,6.732740319299999624e+06
-5.350221899999999732e+04,6.732929121299999766e+06,-5.348170610000000306e+04,6.732926075699999928e+06
-5.344651329999999871e+04,6.732956269399999641e+06,-5.337636159999999654e+04,6.732807246700000018e+06
-5.339303040000000328e+04,6.732938744900000282e+06,-5.338800329999999667e+04,6.732842171799999662e+06
-5.336550600000000122e+04,6.732880002100000158e+06,-5.338049569999999949e+04,6.732814972799999639e+06
-5.335598870000000170e+04,6.733132367399999872e+06,-5.332006999999999971e+04,6.732957700899999589e+06
-5.334037819999999920e+04,6.733140569500000216e+06,-5.332794279999999708e+04,6.733030502600000240e+06
-5.350177440000000206e+04,6.733081038099999540e+06,-5.341737210000000050e+04,6.733066485999999568e+06
-5.343748049999999785e+04,6.733123106900000013e+06,-5.349304310000000260e+04,6.733088446499999613e+06
-5.346137039999999979e+04,6.733108204199999571e+06,-5.334800349999999889e+04,6.733065433400000446e+06
-5.341578459999999905e+04,6.733113581899999641e+06,-5.335049560000000201e+04,6.733086322300000116e+06
-5.333822179999999935e+04,6.733110163900000043e+06,-5.331550740000000224e+04,6.733039498399999924e+06
-5.350918269999999757e+04,6.733043202600000426e+06,-5.349363659999999800e+04,6.732994408099999651e+06
-5.350230359999999928e+04,6.733049023500000127e+06,-5.336963629999999830e+04,6.732993735399999656e+06
-5.327492020000000048e+04,6.732969066200000234e+06,-5.326768910000000324e+04,6.732832264299999923e+06
-5.317440030000000115e+04,6.732926893500000238e+06,-5.322570760000000155e+04,6.732911916100000031e+06
-5.327174519999999757e+04,6.733162318300000392e+06,-5.326671809999999823e+04,6.733095696100000292e+06
-5.330534730000000127e+04,6.733158137900000438e+06,-5.327544939999999769e+04,6.733062887699999847e+06
-5.327439100000000326e+04,6.733103898199999705e+06,-5.327783060000000114e+04,6.733056008500000462e+06
-5.328814940000000206e+04,6.733120566899999976e+06,-5.329714519999999902e+04,6.733063946000000462e+06
-5.329185360000000219e+04,6.733126652400000021e+06,-5.330005569999999716e+04,6.733071618900000118e+06
-5.333339319999999861e+04,6.733141733699999750e+06,-5.331037440000000061e+04,6.733055214700000361e+06
-5.326169099999999889e+04,6.733165016999999993e+06,-5.321935760000000300e+04,6.733058654299999587e+06
-5.372936940000000322e+04,6.732904243200000376e+06,-5.365131719999999768e+04,6.732890484799999744e+06
-5.372373569999999745e+04,6.732876740399999544e+06,-5.369890819999999803e+04,6.732833264800000004e+06
-5.368571310000000085e+04,6.732935464100000449e+06,-5.359640660000000207e+04,6.732905090300000273e+06
-5.361321710000000166e+04,6.732999228799999692e+06,-5.367989229999999952e+04,6.732951603699999861e+06
-5.365581509999999980e+04,6.732997905899999663e+06,-5.368571310000000085e+04,6.732968272499999963e+06
-5.348529110000000219e+04,6.732937371100000106e+06,-5.343514719999999943e+04,6.732931257000000216e+06
-5.310167070000000240e+04,6.733172584099999629e+06,-5.311146029999999882e+04,6.733095590200000443e+06
-5.322179179999999906e+04,6.732923451999999583e+06,-5.320088960000000225e+04,6.732889585199999623e+06
-5.308105700000000070e+04,6.732875686300000176e+06,-5.313222350000000006e+04,6.732830666400000453e+06
-5.304470160000000033e+04,6.732930100100000389e+06,-5.302447060000000056e+04,6.732796649799999781e+06
-5.296567459999999846e+04,6.732939803199999966e+06,-5.294080369999999675e+04,6.732855136400000192e+06
-5.294292040000000270e+04,6.732894294800000265e+06,-5.292466410000000178e+04,6.732822857200000435e+06
-5.293895160000000033e+04,6.732901438599999994e+06,-5.290085149999999703e+04,6.732763061200000346e+06
-5.286909700000000157e+04,6.732993775700000115e+06,-5.290083709999999701e+04,6.732954467000000179e+06
-5.398772170000000187e+04,6.731914132799999788e+06,-5.403005509999999776e+04,6.731497148599999957e+06
-5.323294789999999921e+04,6.732462236499999650e+06,-5.307637000000000262e+04,6.732205866299999878e+06
-5.229796540000000095e+04,6.732390615600000136e+06,-5.230064830000000075e+04,6.732126632799999788e+06
-5.428570999999999913e+04,6.732683650200000033e+06,-5.452444470000000001e+04,6.732823394899999723e+06
-5.441346779999999853e+04,6.732863599700000137e+06,-5.435438530000000173e+04,6.732723849700000137e+06
-5.441164009999999689e+04,6.732902047500000335e+06,-5.422338659999999800e+04,6.732787003800000064e+06
-5.432816180000000168e+04,6.732949326000000350e+06,-5.433173369999999704e+04,6.732866775799999945e+06
-5.430990550000000076e+04,6.732953294700000435e+06,-5.430641019999999844e+04,6.732779758000000380e+06
-5.429164919999999984e+04,6.732952501000000164e+06,-5.430865000000000146e+04,6.732890962600000203e+06
-5.437142119999999704e+04,6.732923529000000097e+06,-5.435594309999999678e+04,6.732835025700000115e+06
-5.431061290000000008e+04,6.732799270600000396e+06,-5.435701219999999739e+04,6.732841138899999671e+06
-5.417655520000000251e+04,6.732965201000000350e+06,-5.416107710000000225e+04,6.732808435100000352e+06
-5.428648980000000302e+04,6.732955279099999927e+06,-5.429323670000000129e+04,6.732889794599999674e+06
-5.436586499999999796e+04,6.732937816599999554e+06,-5.429601479999999719e+04,6.732892572700000368e+06
-5.324488440000000264e+04,6.732997909500000067e+06,-5.293569789999999921e+04,6.733024534799999557e+06
-5.316443220000000292e+04,6.733095186499999836e+06,-5.300074450000000070e+04,6.733116278400000185e+06
-5.366617300000000250e+04,6.733097757500000298e+06,-5.369700000000000000e+04,6.733246496600000188e+06
-5.368064390000000276e+04,6.733167579199999571e+06,-5.360898060000000260e+04,6.733169480000000447e+06
-5.236742519999999786e+04,6.732826514499999583e+06,-5.238825800000000163e+04,6.732770037600000389e+06
-5.211756360000000132e+04,6.733426370699999854e+06,-5.225170760000000155e+04,6.733219995299999602e+06
-5.215983049999999639e+04,6.733524179700000212e+06,-5.230443920000000071e+04,6.733443780299999751e+06
-5.182771639999999752e+04,6.732814657200000249e+06,-5.203925119999999879e+04,6.732664638100000098e+06
-5.186343519999999990e+04,6.732825769700000063e+06,-5.184744239999999991e+04,6.732760158400000073e+06
-5.173127560000000085e+04,6.732710675699999556e+06,-5.190850029999999970e+04,6.732672682199999690e+06
-5.180072879999999714e+04,6.732938879300000146e+06,-5.188605709999999817e+04,6.732849979100000113e+06
-5.201226359999999841e+04,6.732855932300000452e+06,-5.201226269999999931e+04,6.732683778199999593e+06
-5.204956999999999971e+04,6.733204389200000092e+06,-5.209163880000000063e+04,6.732975391900000162e+06
-5.208489190000000235e+04,6.733442752799999900e+06,-5.213639280000000144e+04,6.733326783900000155e+06
-5.196826329999999871e+04,6.733437487599999644e+06,-5.194155030000000261e+04,6.733378665500000119e+06
-5.228065039999999863e+04,6.733457006400000304e+06,-5.225872350000000006e+04,6.733282441499999724e+06
-5.214706910000000062e+04,6.733472148099999875e+06,-5.229232570000000123e+04,6.733382718700000085e+06
-5.234868200000000070e+04,6.733491462700000033e+06,-5.231417139999999927e+04,6.733282321700000204e+06
-5.332578020000000106e+04,6.733171092899999581e+06,-5.254314119999999821e+04,6.733521931099999696e+06
-5.482848429999999644e+04,6.732761384700000286e+06,-5.441282299999999668e+04,6.732747500699999742e+06
